calender task,,,,,,,,,,,,,,
No,title,start time,end time,time required(h),,,,,,,,,,
,,,,,,,,,,,,,,
,,,,,,,,,,,,,,
,,,,,,,,,,,,,,
,,,,,,,,,,,,,,
,,,,,,,,,,,,,,
,,,,,,,,,,,,,,
,,,,,,,,,,,,,,
,,,,,,,,,,,,,,
,,,,,,,,,,,,,,
,,,,,,,,,,,,,,
,,,,,,,,,,,,,,
,,,,,,,,,,,,,,
,,,,,,,,,,,,,,
,,,,,,,,,,,,,,
,,,,,,,,,,,,,,
,,,,,,,,,,,,,,
,,,,,,,,,,,,,,
,,,,,,,,,,,,,,
,,,,,,,,,,,,,,
,,,,,,,,,,,,,,
,,,,,,,,,,,,,,
,,,,,,,,,,,,,,
,,,,,,,,,,,,,,
,,,,,,,,,,,,,,
,,,,,,,,,,,,,,
,,,,,,,,,,,,,,
,,,,,,,,,,,,,,
,,,,,,,,,,,,みなみ,,
,,,,,,,,,,,,みなみ,,
,,,,,,,,,,,,炒飯いらない,,炒飯関連
,,,,,,,,,,,,だらだらデバッグ,,どっか行く
,,,,,,,,,,,,忘れた,,パラ
,,,,,,,,,,,,,,itのイベント
,,,,,,,,,,,,,,誰か誘って遊びに行く
,,,,,,,,,,,,,,釣り
,,,,,,,,,,,,,,ホエールウォッチング
,,,,,,,,,,,,,,大金使う件
,,,,,,,,,,,,,,電子工作
,,,,,,,,,,,,,,何か物販してみる？
,,,,,,,,,,,,,,パスポート
1,マック,2019/07/23 18:00:00,2019/07/23 20:00:00,2.00,,,,,,,,,,
2,帰宅、野菜、炭酸,2019/07/23 20:00:00,2019/07/23 21:00:00,1.00,,,,,,,,,,
3,炒飯,2019/07/23 21:30:00,2019/07/23 22:00:00,0.50,,,,,,,,,,
4,レシート,2019/07/23 22:00:00,2019/07/23 22:30:00,0.50,,,,,,,,,,
5,gas,2019/07/23 22:00:00,2019/07/24,2.00,,,,,,,,,,
1,SALVATORE CUOMO & BAR 人形町 の予約,2019/07/24 18:30:00,2019/07/24 19:30:00,1.00,,,,,,,,,,
2,卵,2019/07/24 22:00:00,2019/07/24 22:30:00,0.50,,,,,,,,,,